canonical_id,name,missing_fields,production_enabled,classification,effect_class,writes_memory,produces_artifacts,triggers,declared_layers,declared_subsystems,declared_dependencies,primary_owner,implementation_source,candidate_purpose,purpose_evidence,candidate_risk_class,risk_rule,candidate_category,status
KA-036,Complexity Estimator,purpose|category|risk_class,True,deterministic_heuristic,pure_or_advisory_review_required,False,False,,,,,governed_request_dmrf,backend/knowledge_algorithms/ka_36_complexity_estimator.py,KA-036: bounded complexity estimation from supplied request signals.,module_docstring,Low,R1_effect_class,OWNER_DECISION,PROPOSED_REQUIRES_OWNER_APPROVAL
KA-037,Resource Allocator,purpose|category|risk_class,True,deterministic_heuristic,pure_or_advisory_review_required,False,False,,,,,simulation,backend/knowledge_algorithms/ka_37_resource_allocator.py,,name_echo_unusable,Low,R1_effect_class,OWNER_DECISION,PROPOSED_REQUIRES_OWNER_APPROVAL
KA-038,Consensus Engine,purpose|category|risk_class,True,deterministic_heuristic,pure_or_advisory_review_required,False,False,,,,KA-013|KA-030,dsqp_quad_persona,backend/knowledge_algorithms/ka_38_consensus_engine.py,KA-038: deterministic DSQP consensus-readiness assessment.,module_docstring,Low,R1_effect_class,OWNER_DECISION,PROPOSED_REQUIRES_OWNER_APPROVAL
KA-039,Anomaly Detection,purpose|category|risk_class,True,deterministic_heuristic,pure_or_advisory_review_required,False,False,,,,,truthcore_l1_l5,backend/knowledge_algorithms/ka_39_anomaly_detection.py,,name_echo_unusable,Low,R1_effect_class,OWNER_DECISION,PROPOSED_REQUIRES_OWNER_APPROVAL
KA-040,Hypothesis Generation,purpose|category|risk_class,True,deterministic_heuristic,pure_or_advisory_review_required,False,False,,,,,truthcore_l1_l5,backend/knowledge_algorithms/ka_40_hypothesis_generation.py,,name_echo_unusable,Low,R1_effect_class,OWNER_DECISION,PROPOSED_REQUIRES_OWNER_APPROVAL
KA-041,Abductive Reasoning,purpose|category|risk_class,True,deterministic_heuristic,pure_or_advisory_review_required,False,False,,,,,truthcore_l1_l5,backend/knowledge_algorithms/ka_41_abductive_reasoning.py,,name_echo_unusable,Low,R1_effect_class,OWNER_DECISION,PROPOSED_REQUIRES_OWNER_APPROVAL
KA-042,Counterfactual Simulator,purpose|category|risk_class,True,deterministic_heuristic,pure_or_advisory_review_required,False,False,,,,,simulation,backend/knowledge_algorithms/ka_42_counterfactual_simulator.py,,name_echo_unusable,Low,R1_effect_class,OWNER_DECISION,PROPOSED_REQUIRES_OWNER_APPROVAL
KA-043,Causal Inference,purpose|category|risk_class,True,deterministic_heuristic,pure_or_advisory_review_required,False,False,,,,,truthcore_l1_l5,backend/knowledge_algorithms/ka_43_causal_inference.py,,name_echo_unusable,Low,R1_effect_class,OWNER_DECISION,PROPOSED_REQUIRES_OWNER_APPROVAL
KA-044,Analogical Mapping,purpose|category|risk_class,True,deterministic_heuristic,pure_or_advisory_review_required,False,False,,,,,truthcore_l1_l5,backend/knowledge_algorithms/ka_44_analogical_mapping.py,,name_echo_unusable,Low,R1_effect_class,OWNER_DECISION,PROPOSED_REQUIRES_OWNER_APPROVAL
KA-045,Pattern Recognition,purpose|category|risk_class,True,deterministic_heuristic,pure_or_advisory_review_required,False,False,,,,,truthcore_l1_l5,backend/knowledge_algorithms/ka_45_pattern_recognition.py,,name_echo_unusable,Low,R1_effect_class,OWNER_DECISION,PROPOSED_REQUIRES_OWNER_APPROVAL
KA-046,Trend Analysis,purpose|category|risk_class,True,deterministic_heuristic,pure_or_advisory_review_required,False,False,,,,,truthcore_l1_l5,backend/knowledge_algorithms/ka_46_trend_analysis.py,,name_echo_unusable,Low,R1_effect_class,OWNER_DECISION,PROPOSED_REQUIRES_OWNER_APPROVAL
KA-047,Sentiment Analysis,purpose|category|risk_class,True,deterministic_heuristic,pure_or_advisory_review_required,False,False,,,,,truthcore_l1_l5,backend/knowledge_algorithms/ka_47_sentiment_analysis.py,,name_echo_unusable,Low,R1_effect_class,OWNER_DECISION,PROPOSED_REQUIRES_OWNER_APPROVAL
KA-048,Entity Extraction,purpose|category|risk_class,True,deterministic_heuristic,pure_or_advisory_review_required,False,False,,,,,truthcore_l1_l5,backend/knowledge_algorithms/ka_48_entity_extraction.py,,name_echo_unusable,Low,R1_effect_class,OWNER_DECISION,PROPOSED_REQUIRES_OWNER_APPROVAL
KA-049,Relation Extraction,purpose|category|risk_class,True,deterministic_heuristic,pure_or_advisory_review_required,False,False,,,,,truthcore_l1_l5,backend/knowledge_algorithms/ka_49_relation_extraction.py,,name_echo_unusable,Low,R1_effect_class,OWNER_DECISION,PROPOSED_REQUIRES_OWNER_APPROVAL
KA-050,Summarization,purpose|category|risk_class,True,deterministic_heuristic,pure_or_advisory_review_required,False,False,,,,,truthcore_l1_l5,backend/knowledge_algorithms/ka_50_summarization.py,,name_echo_unusable,Low,R1_effect_class,OWNER_DECISION,PROPOSED_REQUIRES_OWNER_APPROVAL
KA-071,Data Ingestion,purpose|category|risk_class,True,deterministic_heuristic,effect_oriented_review_required,False,False,,,,,ingestion,backend/knowledge_algorithms/ka_71_data_ingestion.py,KA-071: validate a bounded local-file ingestion proposal.,module_docstring,OWNER_DECISION,R1_effect_class,OWNER_DECISION,PROPOSED_REQUIRES_OWNER_APPROVAL
KA-072,Data Cleaning,purpose|category|risk_class,True,deterministic_heuristic,pure_or_advisory_review_required,False,False,,,,KA-071,ingestion,backend/knowledge_algorithms/ka_72_data_cleaning.py,"KA-072: deterministic, local ingestion-metadata cleaning.",module_docstring,Low,R1_effect_class,OWNER_DECISION,PROPOSED_REQUIRES_OWNER_APPROVAL
KA-073,Data Transformation,purpose|category|risk_class,True,deterministic_heuristic,pure_or_advisory_review_required,False,False,,,,KA-072,ingestion,backend/knowledge_algorithms/ka_73_data_transformation.py,KA-073: normalize secure-ingestion metadata types.,module_docstring,Low,R1_effect_class,OWNER_DECISION,PROPOSED_REQUIRES_OWNER_APPROVAL
KA-074,Data Validation,purpose|category|risk_class,True,production_validator,pure_or_advisory_review_required,False,False,,,,KA-073,ingestion,backend/knowledge_algorithms/ka_74_data_validation.py,KA-074: fail-closed validation for secure-ingestion metadata.,module_docstring,Low,R1_effect_class,OWNER_DECISION,PROPOSED_REQUIRES_OWNER_APPROVAL
KA-075,Schema Mapping,purpose|category|risk_class,True,deterministic_heuristic,pure_or_advisory_review_required,False,False,,,,KA-074,ingestion,backend/knowledge_algorithms/ka_75_schema_mapping.py,KA-075: explicit local schema mapping for admitted records.,module_docstring,Low,R1_effect_class,OWNER_DECISION,PROPOSED_REQUIRES_OWNER_APPROVAL
KA-076,Entity Resolution,purpose|category|risk_class,True,deterministic_heuristic,pure_or_advisory_review_required,False,False,,,,KA-075,ingestion,backend/knowledge_algorithms/ka_76_entity_resolution.py,KA-076: deterministic exact-key resolution for ingestion metadata.,module_docstring,Low,R1_effect_class,OWNER_DECISION,PROPOSED_REQUIRES_OWNER_APPROVAL
KA-077,Data Enrichment,purpose|category|risk_class,True,deterministic_heuristic,pure_or_advisory_review_required,False,False,,,,KA-076,ingestion,backend/knowledge_algorithms/ka_77_data_enrichment.py,KA-077: bounded local-rule enrichment with no provider egress.,module_docstring,Low,R1_effect_class,OWNER_DECISION,PROPOSED_REQUIRES_OWNER_APPROVAL
KA-078,Data Archival,purpose|category|risk_class,True,deterministic_heuristic,pure_or_advisory_review_required,False,False,,,,KA-077,ingestion,backend/knowledge_algorithms/ka_78_data_archival.py,KA-078: produce a bounded archive-eligibility proposal.,module_docstring,Low,R1_effect_class,OWNER_DECISION,PROPOSED_REQUIRES_OWNER_APPROVAL
KA-079,Data Retrieval,purpose|category|risk_class,True,deterministic_heuristic,pure_or_advisory_review_required,False,False,,,,,retrieval_graph_memory,backend/knowledge_algorithms/ka_79_data_retrieval.py,,name_echo_unusable,Low,R1_effect_class,OWNER_DECISION,PROPOSED_REQUIRES_OWNER_APPROVAL
KA-080,Cache Management,purpose|category|risk_class,True,deterministic_heuristic,effect_oriented_review_required,False,False,,,,,retrieval_graph_memory,backend/knowledge_algorithms/ka_80_cache_management.py,,name_echo_unusable,OWNER_DECISION,R1_effect_class,OWNER_DECISION,PROPOSED_REQUIRES_OWNER_APPROVAL
KA-081,Model Training,purpose|category|risk_class,True,deterministic_heuristic,effect_oriented_review_required,False,False,,,,KA-085|KA-086,provider_gateway,backend/knowledge_algorithms/ka_81_model_training.py,KA-081: bounded model-training admission proposals.,module_docstring,OWNER_DECISION,R1_effect_class,OWNER_DECISION,PROPOSED_REQUIRES_OWNER_APPROVAL
KA-082,Model Evaluation,purpose|category|risk_class,True,production_validator,pure_or_advisory_review_required,False,False,,,,,provider_gateway,backend/knowledge_algorithms/ka_82_model_evaluation.py,KA-082: measured model evaluation from caller-supplied outcomes.,module_docstring,Low,R1_effect_class,OWNER_DECISION,PROPOSED_REQUIRES_OWNER_APPROVAL
KA-083,Model Deployment,purpose|category|risk_class,True,deterministic_heuristic,effect_oriented_review_required,False,False,,,,KA-087|KA-088|KA-089|KA-090,provider_gateway,backend/knowledge_algorithms/ka_83_model_deployment.py,KA-083: dependency-bound model deployment-admission proposals.,module_docstring,OWNER_DECISION,R1_effect_class,OWNER_DECISION,PROPOSED_REQUIRES_OWNER_APPROVAL
KA-084,Model Monitoring,purpose|category|risk_class,True,production_validator,pure_or_advisory_review_required,False,False,,,,,provider_gateway,backend/knowledge_algorithms/ka_84_model_monitoring.py,,name_echo_unusable,Low,R1_effect_class,OWNER_DECISION,PROPOSED_REQUIRES_OWNER_APPROVAL
KA-085,Feature Engineering,purpose|category|risk_class,True,deterministic_heuristic,pure_or_advisory_review_required,False,False,,,,,provider_gateway,backend/knowledge_algorithms/ka_85_feature_engineering.py,"KA-085: deterministic, in-memory tabular feature construction.",module_docstring,Low,R1_effect_class,OWNER_DECISION,PROPOSED_REQUIRES_OWNER_APPROVAL
KA-086,Hyperparameter Tuning,purpose|category|risk_class,True,deterministic_heuristic,pure_or_advisory_review_required,False,False,,,,,provider_gateway,backend/knowledge_algorithms/ka_86_hyperparameter_tuning.py,KA-086: measured hyperparameter candidate ranking and proposal creation.,module_docstring,Low,R1_effect_class,OWNER_DECISION,PROPOSED_REQUIRES_OWNER_APPROVAL
KA-087,Model Versioning,purpose|category|risk_class,True,deterministic_heuristic,pure_or_advisory_review_required,False,False,,,,,provider_gateway,backend/knowledge_algorithms/ka_87_model_versioning.py,KA-087: deterministic model-version registration proposals.,module_docstring,Low,R1_effect_class,OWNER_DECISION,PROPOSED_REQUIRES_OWNER_APPROVAL
KA-088,A/B Testing,purpose|category|risk_class,True,deterministic_heuristic,pure_or_advisory_review_required,False,False,,,,,provider_gateway,backend/knowledge_algorithms/ka_88_ab_testing.py,KA-088: deterministic A/B assignment and measured analysis proposals.,module_docstring,Low,R1_effect_class,OWNER_DECISION,PROPOSED_REQUIRES_OWNER_APPROVAL
KA-089,Model Pruning,purpose|category|risk_class,True,deterministic_heuristic,pure_or_advisory_review_required,False,False,,,,,provider_gateway,backend/knowledge_algorithms/ka_89_model_pruning.py,KA-089: bounded model-pruning proposals without artifact mutation.,module_docstring,Low,R1_effect_class,OWNER_DECISION,PROPOSED_REQUIRES_OWNER_APPROVAL
KA-090,Model Quantization,purpose|category|risk_class,True,deterministic_heuristic,pure_or_advisory_review_required,False,False,,,,,provider_gateway,backend/knowledge_algorithms/ka_90_model_quantization.py,KA-090: bounded model-quantization proposals without artifact creation.,module_docstring,Low,R1_effect_class,OWNER_DECISION,PROPOSED_REQUIRES_OWNER_APPROVAL
KA-091,Visualization,purpose|category|risk_class,True,deterministic_heuristic,pure_or_advisory_review_required,False,False,,,,,security_operations_lifecycle,backend/knowledge_algorithms/ka_91_visualization.py,KA-091: deterministic visualization specification builder.,module_docstring,Low,R1_effect_class,OWNER_DECISION,PROPOSED_REQUIRES_OWNER_APPROVAL
KA-092,Dashboarding,purpose|category|risk_class,True,deterministic_heuristic,pure_or_advisory_review_required,False,False,,,,,security_operations_lifecycle,backend/knowledge_algorithms/ka_92_dashboarding.py,KA-092: deterministic dashboard blueprint composition.,module_docstring,Low,R1_effect_class,OWNER_DECISION,PROPOSED_REQUIRES_OWNER_APPROVAL
KA-093,Notification,purpose|category|risk_class,True,deterministic_heuristic,effect_oriented_review_required,False,False,,,,,security_operations_lifecycle,backend/knowledge_algorithms/ka_93_notification.py,KA-093: bounded notification-routing proposal.,module_docstring,OWNER_DECISION,R1_effect_class,OWNER_DECISION,PROPOSED_REQUIRES_OWNER_APPROVAL
KA-094,Reporting,purpose|category|risk_class,True,deterministic_heuristic,pure_or_advisory_review_required,False,False,,,,,security_operations_lifecycle,backend/knowledge_algorithms/ka_94_reporting.py,KA-094: deterministic operational report plan.,module_docstring,Low,R1_effect_class,OWNER_DECISION,PROPOSED_REQUIRES_OWNER_APPROVAL
KA-095,Alerting,purpose|category|risk_class,True,production_validator,pure_or_advisory_review_required,False,False,,,,,security_operations_lifecycle,backend/knowledge_algorithms/ka_95_alerting.py,KA-095: deterministic alert decision and effect proposal.,module_docstring,Low,R1_effect_class,OWNER_DECISION,PROPOSED_REQUIRES_OWNER_APPROVAL
KA-096,Logging,purpose|category|risk_class,True,deterministic_heuristic,pure_or_advisory_review_required,False,False,,,,,security_operations_lifecycle,backend/knowledge_algorithms/ka_96_logging.py,,name_echo_unusable,Low,R1_effect_class,OWNER_DECISION,PROPOSED_REQUIRES_OWNER_APPROVAL
KA-097,Auditing,purpose|category|risk_class,True,production_validator,pure_or_advisory_review_required,False,False,,,,,security_operations_lifecycle,backend/knowledge_algorithms/ka_97_auditing.py,KA-097: canonical audit-record construction and persistence proposal.,module_docstring,Low,R1_effect_class,OWNER_DECISION,PROPOSED_REQUIRES_OWNER_APPROVAL
KA-098,Profiling,purpose|category|risk_class,True,deterministic_heuristic,pure_or_advisory_review_required,False,False,,,,,security_operations_lifecycle,backend/knowledge_algorithms/ka_98_profiling.py,KA-098: aggregate supplied profiler measurements without fabricating data.,module_docstring,Low,R1_effect_class,OWNER_DECISION,PROPOSED_REQUIRES_OWNER_APPROVAL
KA-099,Debugging,purpose|category|risk_class,True,deterministic_heuristic,pure_or_advisory_review_required,False,False,,,,,security_operations_lifecycle,backend/knowledge_algorithms/ka_99_debugging.py,KA-099: bounded redacted diagnostic snapshot normalization.,module_docstring,Low,R1_effect_class,OWNER_DECISION,PROPOSED_REQUIRES_OWNER_APPROVAL
KA-100,Optimization,purpose|category|risk_class,True,deterministic_heuristic,pure_or_advisory_review_required,False,False,,,,,security_operations_lifecycle,backend/knowledge_algorithms/ka_100_optimization.py,KA-100: deterministic runtime optimization recommendation.,module_docstring,Low,R1_effect_class,OWNER_DECISION,PROPOSED_REQUIRES_OWNER_APPROVAL
KA-101,Environment Management,purpose|category|risk_class,True,deterministic_heuristic,effect_oriented_review_required,False,False,,,,,security_operations_lifecycle,backend/knowledge_algorithms/ka_101_environment_management.py,KA-101: bounded environment-configuration proposal.,module_docstring,OWNER_DECISION,R1_effect_class,OWNER_DECISION,PROPOSED_REQUIRES_OWNER_APPROVAL
KA-102,Dependency Injection,purpose|category|risk_class,True,deterministic_heuristic,effect_oriented_review_required,False,False,,,,,security_operations_lifecycle,backend/knowledge_algorithms/ka_102_dependency_injection.py,KA-102: explicit dependency-binding proposal.,module_docstring,OWNER_DECISION,R1_effect_class,OWNER_DECISION,PROPOSED_REQUIRES_OWNER_APPROVAL
KA-103,Service Mesh,purpose|category|risk_class,True,deterministic_heuristic,effect_oriented_review_required,False,False,,,,,security_operations_lifecycle,backend/knowledge_algorithms/ka_103_service_mesh.py,KA-103: bounded service-communication policy proposal.,module_docstring,OWNER_DECISION,R1_effect_class,OWNER_DECISION,PROPOSED_REQUIRES_OWNER_APPROVAL
KA-104,Load Balancing,purpose|category|risk_class,True,deterministic_heuristic,pure_or_advisory_review_required,False,False,,,,,security_operations_lifecycle,backend/knowledge_algorithms/ka_104_load_balancing.py,KA-104: deterministic load-routing recommendation.,module_docstring,Low,R1_effect_class,OWNER_DECISION,PROPOSED_REQUIRES_OWNER_APPROVAL
KA-105,Scalability Manager,purpose|category|risk_class,True,deterministic_heuristic,pure_or_advisory_review_required,False,False,,,,,security_operations_lifecycle,backend/knowledge_algorithms/ka_105_scalability_manager.py,KA-105: bounded scaling recommendation.,module_docstring,Low,R1_effect_class,OWNER_DECISION,PROPOSED_REQUIRES_OWNER_APPROVAL
KA-106,Fault Tolerance,purpose|category|risk_class,True,production_validator,pure_or_advisory_review_required,False,False,,,,,security_operations_lifecycle,backend/knowledge_algorithms/ka_106_fault_tolerance.py,,name_echo_unusable,Low,R1_effect_class,OWNER_DECISION,PROPOSED_REQUIRES_OWNER_APPROVAL
KA-107,Disaster Recovery,purpose|category|risk_class,True,deterministic_heuristic,effect_oriented_review_required,False,False,,,,,security_operations_lifecycle,backend/knowledge_algorithms/ka_107_disaster_recovery.py,KA-107: bounded disaster-recovery admission proposal.,module_docstring,OWNER_DECISION,R1_effect_class,OWNER_DECISION,PROPOSED_REQUIRES_OWNER_APPROVAL
KA-108,Backup Strategy,purpose|category|risk_class,True,deterministic_heuristic,effect_oriented_review_required,False,False,,,,,security_operations_lifecycle,backend/knowledge_algorithms/ka_108_backup_strategy.py,KA-108: coordinated-backup plan and effect proposal.,module_docstring,OWNER_DECISION,R1_effect_class,OWNER_DECISION,PROPOSED_REQUIRES_OWNER_APPROVAL
KA-109,System Health,purpose|category|risk_class,True,deterministic_heuristic,pure_or_advisory_review_required,False,False,,,,,security_operations_lifecycle,backend/knowledge_algorithms/ka_109_system_health.py,KA-109: supplied-evidence system-health aggregation.,module_docstring,Low,R1_effect_class,OWNER_DECISION,PROPOSED_REQUIRES_OWNER_APPROVAL
KA-110,Integration Bus,purpose|category|risk_class,True,deterministic_heuristic,effect_oriented_review_required,False,False,,,,,security_operations_lifecycle,backend/knowledge_algorithms/ka_110_integration_bus.py,KA-110: governed integration-event routing proposal.,module_docstring,OWNER_DECISION,R1_effect_class,OWNER_DECISION,PROPOSED_REQUIRES_OWNER_APPROVAL
KA-111,API Gateway,purpose|category|risk_class,True,deterministic_heuristic,effect_oriented_review_required,False,False,,,,,provider_gateway,backend/knowledge_algorithms/ka_111_api_gateway.py,KA-111: authenticated gateway-routing admission.,module_docstring,OWNER_DECISION,R1_effect_class,OWNER_DECISION,PROPOSED_REQUIRES_OWNER_APPROVAL
KA-112,Message Broker,purpose|category|risk_class,True,deterministic_heuristic,effect_oriented_review_required,False,False,,,,,security_operations_lifecycle,backend/knowledge_algorithms/ka_112_message_broker.py,KA-112: durable background-job enqueue proposal.,module_docstring,OWNER_DECISION,R1_effect_class,OWNER_DECISION,PROPOSED_REQUIRES_OWNER_APPROVAL
KA-114,Federated Outbox,purpose|category|risk_class,True,deterministic_heuristic,effect_oriented_review_required,False,False,,,,,security_operations_lifecycle,backend/knowledge_algorithms/ka_114_federated_outbox.py,KA-114: validated federated-outbox proposal.,module_docstring,OWNER_DECISION,R1_effect_class,OWNER_DECISION,PROPOSED_REQUIRES_OWNER_APPROVAL
KA-115,Federated Inbox,purpose|category|risk_class,True,deterministic_heuristic,effect_oriented_review_required,False,False,,,,,security_operations_lifecycle,backend/knowledge_algorithms/ka_115_federated_inbox.py,KA-115: bounded federated-inbox admission proposal.,module_docstring,OWNER_DECISION,R1_effect_class,OWNER_DECISION,PROPOSED_REQUIRES_OWNER_APPROVAL
KA-116,Entropy Detection,purpose|category|risk_class,True,deterministic_heuristic,pure_or_advisory_review_required,False,False,,,,,truthcore_l10,backend/knowledge_algorithms/ka_116_entropy_detection.py,KA-116: deterministic token-distribution entropy measurement.,module_docstring,Low,R1_effect_class,OWNER_DECISION,PROPOSED_REQUIRES_OWNER_APPROVAL
KA-136,Threat Model Agent,risk_class,True,production_validator,pure_or_advisory_review_required,False,False,,,,,security_operations_lifecycle,backend/knowledge_algorithms/ka_136_threat_model_agent.py,KA-136: deterministic design-time threat model analysis.,module_docstring,Low,R1_effect_class,,PROPOSED_REQUIRES_OWNER_APPROVAL
KA-137,Sensitive Data Discovery,risk_class,True,production_validator,pure_or_advisory_review_required,False,False,,,,,security_operations_lifecycle,backend/knowledge_algorithms/ka_137_sensitive_data_discovery.py,KA-137: bounded sensitive-data discovery without value disclosure.,module_docstring,Low,R1_effect_class,,PROPOSED_REQUIRES_OWNER_APPROVAL
KA-138,Predictive Health,risk_class,True,deterministic_heuristic,pure_or_advisory_review_required,False,False,,,,,security_operations_lifecycle,backend/knowledge_algorithms/ka_138_predictive_health.py,KA-138: deterministic bounded health-trend projection.,module_docstring,Low,R1_effect_class,,PROPOSED_REQUIRES_OWNER_APPROVAL
KA-139,Purple Team,risk_class,True,deterministic_heuristic,pure_or_advisory_review_required,False,False,,,,,security_operations_lifecycle,backend/knowledge_algorithms/ka_139_purple_team.py,KA-139: deterministic purple-team control coverage analysis.,module_docstring,Low,R1_effect_class,,PROPOSED_REQUIRES_OWNER_APPROVAL
KA-161,Translation,risk_class,True,deterministic_heuristic,pure_or_advisory_review_required,False,False,,,,,truthcore_l1_l5,backend/knowledge_algorithms/ka_161_translation.py,KA-161: evidence-backed translation assembly.,module_docstring,Low,R1_effect_class,,PROPOSED_REQUIRES_OWNER_APPROVAL
KA-162,Paraphrasing,risk_class,True,deterministic_heuristic,pure_or_advisory_review_required,False,False,,,,,truthcore_l1_l5,backend/knowledge_algorithms/ka_162_paraphrasing.py,KA-162: evidence-constrained paraphrase selection.,module_docstring,Low,R1_effect_class,,PROPOSED_REQUIRES_OWNER_APPROVAL
KA-163,Style Transfer,risk_class,True,deterministic_heuristic,pure_or_advisory_review_required,False,False,,,,,truthcore_l1_l5,backend/knowledge_algorithms/ka_163_style_transfer.py,KA-163: deterministic bounded style normalization.,module_docstring,Low,R1_effect_class,,PROPOSED_REQUIRES_OWNER_APPROVAL
KA-165,Topic Modeling,risk_class,True,deterministic_heuristic,pure_or_advisory_review_required,False,False,,,,,truthcore_l1_l5,backend/knowledge_algorithms/ka_165_topic_modeling.py,KA-165: deterministic corpus topic-term modeling.,module_docstring,Low,R1_effect_class,,PROPOSED_REQUIRES_OWNER_APPROVAL
KA-167,Keyword Extraction,risk_class,True,deterministic_heuristic,pure_or_advisory_review_required,False,False,,,,,truthcore_l1_l5,backend/knowledge_algorithms/ka_167_keyword_extraction.py,KA-167: deterministic corpus keyword extraction.,module_docstring,Low,R1_effect_class,,PROPOSED_REQUIRES_OWNER_APPROVAL
KA-168,Explainability,risk_class,True,deterministic_heuristic,pure_or_advisory_review_required,False,False,,,,,truthcore_l1_l5,backend/knowledge_algorithms/ka_168_explainability.py,KA-168: evidence-linked decision explanation derivation.,module_docstring,Low,R1_effect_class,,PROPOSED_REQUIRES_OWNER_APPROVAL
KA-169,Fairness Audit,risk_class,True,deterministic_heuristic,pure_or_advisory_review_required,False,False,,,,,truthgate,backend/knowledge_algorithms/ka_169_fairness_audit.py,KA-169: deterministic group fairness audit.,module_docstring,Low,R1_effect_class,,PROPOSED_REQUIRES_OWNER_APPROVAL
KA-172,Safety Check,risk_class,True,production_validator,pure_or_advisory_review_required,False,False,,,,,truthgate,backend/knowledge_algorithms/ka_172_safety_check.py,KA-172: deterministic task safety check.,module_docstring,Low,R1_effect_class,,PROPOSED_REQUIRES_OWNER_APPROVAL
KA-173,Privacy Filter,risk_class,True,deterministic_heuristic,pure_or_advisory_review_required,False,False,,,,,truthgate,backend/knowledge_algorithms/ka_173_privacy_filter.py,KA-173: deterministic exact-value privacy filtering.,module_docstring,Low,R1_effect_class,,PROPOSED_REQUIRES_OWNER_APPROVAL
KA-174,Compliance Check,risk_class,True,production_validator,pure_or_advisory_review_required,False,False,,,,,truthgate,backend/knowledge_algorithms/ka_174_compliance_check.py,KA-174: deterministic current-state compliance check.,module_docstring,Low,R1_effect_class,,PROPOSED_REQUIRES_OWNER_APPROVAL
KA-175,Security Audit,risk_class,True,production_validator,pure_or_advisory_review_required,False,False,,,,,security_operations_lifecycle,backend/knowledge_algorithms/ka_175_security_audit.py,KA-175: deterministic security-control audit.,module_docstring,Low,R1_effect_class,,PROPOSED_REQUIRES_OWNER_APPROVAL
KA-176,Governance Validation,risk_class,True,production_validator,pure_or_advisory_review_required,False,False,,,,,truthgate,backend/knowledge_algorithms/ka_176_governance_validation.py,KA-176: deterministic governance-record validation.,module_docstring,Low,R1_effect_class,,PROPOSED_REQUIRES_OWNER_APPROVAL
KA-177,Policy Enforcement,risk_class,True,production_validator,effect_oriented_review_required,False,False,,,,,truthgate,backend/knowledge_algorithms/ka_177_policy_enforcement.py,KA-177: deterministic typed policy-rule enforcement.,module_docstring,OWNER_DECISION,R1_effect_class,,PROPOSED_REQUIRES_OWNER_APPROVAL
KA-178,Identity Resolution,risk_class,True,deterministic_heuristic,pure_or_advisory_review_required,False,False,,,,,truthcore_l1_l5,backend/knowledge_algorithms/ka_178_identity_resolution.py,KA-178: deterministic exact-identifier identity resolution.,module_docstring,Low,R1_effect_class,,PROPOSED_REQUIRES_OWNER_APPROVAL
KA-179,Access Control,risk_class,True,deterministic_heuristic,effect_oriented_review_required,False,False,,,,,security_operations_lifecycle,backend/knowledge_algorithms/ka_179_access_control.py,KA-179: deterministic attribute-and-role access control.,module_docstring,OWNER_DECISION,R1_effect_class,,PROPOSED_REQUIRES_OWNER_APPROVAL
KA-180,Encryption Manager,risk_class,True,deterministic_heuristic,effect_oriented_review_required,False,False,,,,,security_operations_lifecycle,backend/knowledge_algorithms/ka_180_encryption_manager.py,KA-180: deterministic encryption-operation admission.,module_docstring,OWNER_DECISION,R1_effect_class,,PROPOSED_REQUIRES_OWNER_APPROVAL
KA-181,Key Management,risk_class,True,deterministic_heuristic,effect_oriented_review_required,False,False,,,,,security_operations_lifecycle,backend/knowledge_algorithms/ka_181_key_management.py,KA-181: deterministic cryptographic-key lifecycle governance.,module_docstring,OWNER_DECISION,R1_effect_class,,PROPOSED_REQUIRES_OWNER_APPROVAL
KA-182,Threat Detection,risk_class,True,production_validator,pure_or_advisory_review_required,False,False,,,,,security_operations_lifecycle,backend/knowledge_algorithms/ka_182_threat_detection.py,KA-182: deterministic runtime security-signal detection.,module_docstring,Low,R1_effect_class,,PROPOSED_REQUIRES_OWNER_APPROVAL
KA-183,Vulnerability Scanning,risk_class,True,deterministic_heuristic,pure_or_advisory_review_required,False,False,,,,,security_operations_lifecycle,backend/knowledge_algorithms/ka_183_vulnerability_scanning.py,KA-183: deterministic vulnerability-scan result qualification.,module_docstring,Low,R1_effect_class,,PROPOSED_REQUIRES_OWNER_APPROVAL
KA-184,Incident Response,risk_class,True,deterministic_heuristic,effect_oriented_review_required,False,False,,,,,security_operations_lifecycle,backend/knowledge_algorithms/ka_184_incident_response.py,KA-184: deterministic incident-response plan construction.,module_docstring,OWNER_DECISION,R1_effect_class,,PROPOSED_REQUIRES_OWNER_APPROVAL
KA-Master,KA Master Controller,category|risk_class,False,experimental_method,pure_or_advisory_review_required,False,False,,orchestration,,,governed_request_dmrf,backend/knowledge_algorithms/ka_master_controller.py,KA-Master: Master Controller,module_docstring,Low,R1_effect_class,OWNER_DECISION,PROPOSED_REQUIRES_OWNER_APPROVAL
L10-KA-001,Entropy Scorer,category|risk_class,True,deterministic_heuristic,pure_or_advisory_review_required,False,False,,L10,,,truthcore_l10,backend/knowledge_algorithms/l10/l10_ka_001_entropy_scorer.py,L10-KA-001: entropy-based emergence scorer.,module_docstring,Low,R1_effect_class,OWNER_DECISION,PROPOSED_REQUIRES_OWNER_APPROVAL
L10-KA-002,Self Awareness,category|risk_class,True,deterministic_heuristic,pure_or_advisory_review_required,False,False,,L10,,,truthcore_l10,backend/knowledge_algorithms/l10/l10_ka_002_self_awareness.py,L10-KA-002: self-awareness and capability escalation monitor.,module_docstring,Low,R1_effect_class,OWNER_DECISION,PROPOSED_REQUIRES_OWNER_APPROVAL
L10-KA-003,PII Redactor,category|risk_class,True,production_validator,pure_or_advisory_review_required,False,False,,L10,,,truthcore_l10,backend/knowledge_algorithms/l10/l10_ka_003_pii_redactor.py,L10-KA-003: pure-Python PII redactor.,module_docstring,Low,R1_effect_class,OWNER_DECISION,PROPOSED_REQUIRES_OWNER_APPROVAL
L10-KA-004,Ethics Validator,category|risk_class,True,deterministic_heuristic,pure_or_advisory_review_required,False,False,,L10,,,truthcore_l10,backend/knowledge_algorithms/l10/l10_ka_004_ethics_validator.py,L10-KA-004: ethical alignment and EU AI Act risk mapping.,module_docstring,Low,R1_effect_class,OWNER_DECISION,PROPOSED_REQUIRES_OWNER_APPROVAL
L10-KA-005,Containment,category|risk_class,True,production_validator,pure_or_advisory_review_required,False,False,,L10,,L10-KA-001|L10-KA-002|L10-KA-003|L10-KA-004|L10-KA-006|L10-KA-007,truthcore_l10,backend/knowledge_algorithms/l10/l10_ka_005_containment.py,L10-KA-005: final containment decision engine.,module_docstring,Low,R1_effect_class,OWNER_DECISION,PROPOSED_REQUIRES_OWNER_APPROVAL
L10-KA-006,Layer-10 Belief-Decay Trust Gate,category|risk_class,True,production_validator,pure_or_advisory_review_required,False,False,,L10,,,truthcore_l10,backend/knowledge_algorithms/l10/l10_ka_006_trust_gate.py,L10-KA-006: terminal trust gate with belief decay.,module_docstring,Low,R1_effect_class,OWNER_DECISION,PROPOSED_REQUIRES_OWNER_APPROVAL
L10-KA-007,Escalation Router,category|risk_class,True,production_validator,pure_or_advisory_review_required,False,False,,L10,,L10-KA-004|L10-KA-006,truthcore_l10,backend/knowledge_algorithms/l10/l10_ka_007_escalation_router.py,L10-KA-007: deterministic human-review escalation proposal.,module_docstring,Low,R1_effect_class,OWNER_DECISION,PROPOSED_REQUIRES_OWNER_APPROVAL
L9-KA-001,Trace Analyzer,purpose|category|risk_class,True,production_validator,pure_or_advisory_review_required,False,False,,L9,,,truthcore_l9,backend/knowledge_algorithms/l9/l9_ka_001_trace_analyzer.py,L9-KA-001: deterministic integrity checks for the committed L1-L8 trace.,module_docstring,Low,R1_effect_class,OWNER_DECISION,PROPOSED_REQUIRES_OWNER_APPROVAL
L9-KA-002,Belief Drift,purpose|category|risk_class,True,deterministic_heuristic,pure_or_advisory_review_required,False,False,,L9,,,truthcore_l9,backend/knowledge_algorithms/l9/l9_ka_002_belief_drift.py,L9-KA-002: deterministic lexical and numeric belief-drift checks.,module_docstring,Low,R1_effect_class,OWNER_DECISION,PROPOSED_REQUIRES_OWNER_APPROVAL
L9-KA-003,Persona Auditor,purpose|category|risk_class,True,production_validator,pure_or_advisory_review_required,False,False,,L9,,,truthcore_l9,backend/knowledge_algorithms/l9/l9_ka_003_persona_auditor.py,L9-KA-003: Persona Agreement Auditor,module_docstring,Low,R1_effect_class,OWNER_DECISION,PROPOSED_REQUIRES_OWNER_APPROVAL
L9-KA-004,Meta Evaluator,purpose|category|risk_class,True,deterministic_heuristic,pure_or_advisory_review_required,False,False,,L9,,,truthcore_l9,backend/knowledge_algorithms/l9/l9_ka_004_meta_evaluator.py,L9-KA-004: Meta-Cognitive Evaluator,module_docstring,Low,R1_effect_class,OWNER_DECISION,PROPOSED_REQUIRES_OWNER_APPROVAL
L9-KA-005,Recursion Trigger,purpose|category|risk_class,True,production_validator,pure_or_advisory_review_required,False,False,,L9,,L9-KA-006,truthcore_l9,backend/knowledge_algorithms/l9/l9_ka_005_recursion_trigger.py,,name_echo_unusable,Low,R1_effect_class,OWNER_DECISION,PROPOSED_REQUIRES_OWNER_APPROVAL
L9-KA-006,Confidence Calc,purpose|category|risk_class,True,deterministic_heuristic,pure_or_advisory_review_required,False,False,,L9,,L9-KA-001|L9-KA-002|L9-KA-003|L9-KA-004,truthcore_l9,backend/knowledge_algorithms/l9/l9_ka_006_confidence_calc.py,L9-KA-006: Readiness Scorer,module_docstring,Low,R1_effect_class,OWNER_DECISION,PROPOSED_REQUIRES_OWNER_APPROVAL
L9-KA-007,Loop Controller,purpose|category|risk_class,True,production_validator,pure_or_advisory_review_required,False,False,,L9,,L9-KA-005|L9-KA-006,truthcore_l9,backend/knowledge_algorithms/l9/l9_ka_007_loop_controller.py,,name_echo_unusable,Low,R1_effect_class,OWNER_DECISION,PROPOSED_REQUIRES_OWNER_APPROVAL
